competencia,saidas_hospitalares,urgencia_emergencia,consultas_medicas,consultas_multiprofissionais,cirurgias_genericas,cirurgias_vasculares,cirurgias_traumato,artroplastias_joelho,cirurgias_cardiologicas,sadt_producao,sad_emad,sad_emap,sadt_envio_data,sad_envio_data
2024-10,591,706,630.0,5581,30,94,65,18,140,7298,69,68,2024-11-24,2024-11-27
2024-11,214,3335,2974.0,5581,83,73,218,14,38,5361,86,48,2024-12-24,2024-12-27
2024-12,462,2967,1361.0,4966,30,114,307,11,105,5671,50,53,2025-01-24,2025-01-27
2025-01,462,2374,,3264,65,34,179,18,160,7937,77,26,2025-02-24,2025-02-27
2025-02,214,1526,2318.0,3973,110,160,179,21,82,6969,86,37,2025-03-24,2025-03-27
2025-03,1010,2374,2318.0,4966,65,160,307,18,128,7629,60,69,2025-04-24,2025-04-27
2025-04,1010,2374,2646.0,2554,126,114,307,24,82,5431,82,58,2025-05-24,2025-05-27
2025-05,788,2374,1739.0,1182,65,34,65,11,160,7879,50,35,2025-06-24,2025-06-27
2025-06,719,706,2318.0,2554,-2,160,239,18,160,8466,76,54,2025-07-24,2025-07-27
2025-07,1010,1526,2117.0,4966,142,73,179,11,160,8660,66,42,2025-08-24,2025-08-27
2025-08,719,2967,2117.0,5581,142,73,140,17,128,7958,55,30,2025-09-24,2025-09-27
2025-09,462,706,630.0,4352,110,114,239,17,128,6478,88,37,2025-10-24,2025-10-27
2025-10,719,3335,2974.0,5581,65,94,239,18,160,6798,80,51,2025-11-24,2025-11-27
2025-11,214,1526,2646.0,3973,101,94,307,18,82,6148,76,58,2025-12-24,2025-12-27
2025-12,788,2374,2974.0,3264,83,160,218,5,179,6819,58,54,2026-01-24,2026-01-27
2026-01,462,2600,2117.0,4966,65,143,239,17,179,6228,80,32,2026-02-24,2026-02-27
2026-02,214,706,2646.0,3973,142,143,218,14,82,5016,87,22,2026-03-24,2026-03-27
2026-03,899,2374,2974.0,1182,30,94,179,14,38,7923,55,55,2026-04-24,2026-04-27
2026-04,788,706,630.0,2554,65,125,218,24,140,7723,78,51,2026-05-24,2026-05-27
2026-05,788,2967,2646.0,3973,126,143,218,11,160,6282,57,41,2026-06-24,2026-06-27
2026-06,719,2967,2117.0,4352,30,160,179,18,140,6783,81,42,2026-07-24,2026-07-27
2026-07,591,1526,1739.0,3973,101,73,140,14,160,6418,88,56,2026-08-24,2026-08-27
2026-08,591,1950,2318.0,3264,126,160,307,17,140,8433,92,51,2026-09-24,2026-09-27
2026-09,719,1950,2646.0,1182,110,73,140,5,140,6936,92,22,2026-10-24,2026-10-27
