competencia,pacientes_urgencia,pacientes_classificados,atendimentos_total,pesquisas_respondidas,pesquisas_positivas,queixas_total,queixas_resolvidas,glosas_cnes_percent,glosas_sia_percent,glosas_sih_percent,prestacao_contas_data,transparencia_nivel,obitos_total,obitos_revisados,infeccoes_hospitalares,plantao_restrito_qtd,educacao_previstas,educacao_realizadas,ocupacao_geral,prontuarios_vermelho_amarelo_total,prontuarios_vermelho_amarelo_revisados
2024-10,706,657,5000,200,180,20,15,0,12,17,2024-11-28,Moderado,30,28,24,1,10,10,77.22313094855842,100,12
2024-11,3335,3102,5000,600,550,20,15,5,12,7,2024-12-24,Intermediário,30,28,9,0,10,7,85.97859066057184,100,12
2024-12,2967,2759,5000,600,550,20,15,1,8,17,2025-01-24,Desejado,30,28,37,0,10,11,75.70022831529123,100,12
2025-01,2374,2208,5000,600,550,20,15,5,8,17,2025-02-24,Moderado,30,28,18,0,10,10,84.54795632051592,100,12
2025-02,1526,1419,5000,600,550,20,15,5,12,32,2025-03-28,Intermediário,30,28,17,0,10,11,93.64301314167865,100,12
2025-03,2374,2208,5000,200,180,20,15,0,12,7,2025-04-24,Moderado,30,28,81,0,10,9,93.78242172569517,100,12
2025-04,2374,2208,5000,600,550,20,15,0,28,17,2025-05-24,Desejado,30,28,162,1,10,10,87.26778871998617,100,12
2025-05,2374,2208,5000,600,550,20,15,1,28,7,2025-06-24,Desejado,30,31,32,0,10,10,82.34852772930184,100,12
2025-06,706,657,5000,600,550,20,15,0,8,17,2025-07-28,Desejado,30,28,58,0,10,9,92.51836158722524,100,12
2025-07,1526,1419,5000,600,550,20,15,5,28,32,2025-08-24,Desejado,30,28,162,0,10,11,79.94599811391649,100,12
2025-08,2967,2759,5000,200,180,20,15,0,12,32,2025-09-24,Moderado,30,28,115,0,10,10,75.70280168521589,100,12
2025-09,706,657,5000,600,550,20,15,5,28,17,2025-10-24,Intermediário,30,28,37,0,10,7,95.19927283712528,100,12
2025-10,3335,3102,5000,600,550,20,15,5,28,17,2025-11-28,Intermediário,30,28,58,1,10,9,80.68316338410249,100,12
2025-11,1526,1419,5000,600,550,20,15,1,28,32,2025-12-24,Moderado,30,28,34,0,10,9,80.12831112200526,100,12
2025-12,2374,2208,5000,600,550,20,15,1,28,7,2026-01-24,Moderado,30,28,32,0,10,7,85.63076445257526,100,12
2026-01,2600,2418,5000,200,180,20,15,0,8,7,2026-02-24,Intermediário,30,28,37,0,10,10,88.14609642459415,100,12
2026-02,706,657,5000,600,550,20,15,5,28,32,2026-03-28,Desejado,30,28,34,0,10,11,86.36394008063027,100,12
2026-03,2374,2208,5000,600,550,20,15,1,12,7,2026-04-24,Intermediário,30,28,72,0,10,9,92.70346193820984,100,12
2026-04,706,657,5000,600,550,20,15,5,8,32,2026-05-24,Intermediário,30,28,126,1,10,7,75.62357808089776,100,12
2026-05,2967,2759,5000,600,550,20,15,5,28,17,2026-06-24,Intermediário,30,28,126,0,10,11,94.20324190919368,100,12
2026-06,2967,2759,5000,200,180,20,15,0,8,32,2026-07-28,Intermediário,30,28,29,0,10,11,94.4817555902134,100,12
2026-07,1526,1419,5000,600,550,20,15,0,12,32,2026-08-24,Desejado,30,28,47,0,10,9,75.28935725024351,100,12
2026-08,1950,1814,5000,600,550,20,15,1,28,17,2026-09-24,Desejado,30,28,47,0,10,7,95.31203476740197,100,12
2026-09,1950,1814,5000,600,550,20,15,5,8,32,2026-10-24,Intermediário,30,28,115,0,10,10,80.19903848944699,100,12
