competencia,indicator_id,realizado,meta_reported,documento_fonte,pagina_fonte,contrato,metodo_extracao,observacao
2020-01,H_AMB,8488.0,3500,DOC037,6,006/2010,Tabela documental conferida,
2020-01,H_CIR,639.0,480,DOC037,6,006/2010,Tabela documental conferida,
2020-01,H_HEMO,347.0,340,DOC037,6,006/2010,Tabela documental conferida,
2020-01,Q01,881.0,793,DOC037,5,006/2010,Tabela documental conferida,
2020-01,Q02,3282.0,2400,DOC037,5,006/2010,Tabela documental conferida,
2020-02,H_AMB,6740.0,3500,DOC037,6,006/2010,Tabela documental conferida,
2020-02,H_CIR,768.0,480,DOC037,6,006/2010,Tabela documental conferida,
2020-02,H_HEMO,314.0,340,DOC037,6,006/2010,Tabela documental conferida,
2020-02,Q01,811.0,793,DOC037,5,006/2010,Tabela documental conferida,
2020-02,Q02,3094.0,2400,DOC037,5,006/2010,Tabela documental conferida,
2020-03,H_AMB,5617.0,3500,DOC037,6,006/2010,Tabela documental conferida,
2020-03,H_CIR,687.0,480,DOC037,6,006/2010,Tabela documental conferida,
2020-03,H_HEMO,561.0,340,DOC037,6,006/2010,Tabela documental conferida,
2020-03,Q01,817.0,793,DOC037,5,006/2010,Tabela documental conferida,
2020-03,Q02,2592.0,2400,DOC037,5,006/2010,Tabela documental conferida,
2020-04,H_AMB,4366.0,3500,DOC037,6,006/2010,Tabela documental conferida,
2020-04,H_CIR,430.0,480,DOC037,6,006/2010,Tabela documental conferida,
2020-04,H_HEMO,331.0,340,DOC037,6,006/2010,Tabela documental conferida,
2020-04,Q01,602.0,793,DOC037,5,006/2010,Tabela documental conferida,
2020-04,Q02,2319.0,2400,DOC037,5,006/2010,Tabela documental conferida,
2020-05,H_AMB,4688.0,3500,DOC037,6,006/2010,Tabela documental conferida,
2020-05,H_CIR,483.0,480,DOC037,6,006/2010,Tabela documental conferida,
2020-05,H_HEMO,326.0,340,DOC037,6,006/2010,Tabela documental conferida,
2020-05,Q01,683.0,793,DOC037,5,006/2010,Tabela documental conferida,
2020-05,Q02,2838.0,2400,DOC037,5,006/2010,Tabela documental conferida,
2020-06,H_AMB,4218.0,3500,DOC037,6,006/2010,Tabela documental conferida,
2020-06,H_CIR,500.0,480,DOC037,6,006/2010,Tabela documental conferida,
2020-06,H_HEMO,204.0,340,DOC037,6,006/2010,Tabela documental conferida,
2020-06,Q01,705.0,793,DOC037,5,006/2010,Tabela documental conferida,
2020-06,Q02,2267.0,2400,DOC037,5,006/2010,Tabela documental conferida,
2020-07,H_AMB,4957.0,3500,DOC037,6,006/2010,Tabela documental conferida,
2020-07,H_CIR,546.0,480,DOC037,6,006/2010,Tabela documental conferida,
2020-07,H_HEMO,248.0,340,DOC037,6,006/2010,Tabela documental conferida,
2020-07,Q01,753.0,793,DOC037,5,006/2010,Tabela documental conferida,
2020-07,Q02,2545.0,2400,DOC037,5,006/2010,Tabela documental conferida,
2020-08,H_AMB,5307.0,3500,DOC037,6,006/2010,Tabela documental conferida,
2020-08,H_CIR,619.0,480,DOC037,6,006/2010,Tabela documental conferida,
2020-08,H_HEMO,170.0,340,DOC037,6,006/2010,Tabela documental conferida,
2020-08,Q01,781.0,793,DOC037,5,006/2010,Tabela documental conferida,
2020-08,Q02,2751.0,2400,DOC037,5,006/2010,Tabela documental conferida,
2020-09,H_AMB,5479.0,3500,DOC037,6,006/2010,Tabela documental conferida,
2020-09,H_CIR,660.0,480,DOC037,6,006/2010,Tabela documental conferida,
2020-09,H_HEMO,275.0,340,DOC037,6,006/2010,Tabela documental conferida,
2020-09,Q01,788.0,793,DOC037,5,006/2010,Tabela documental conferida,
2020-09,Q02,2682.0,2400,DOC037,5,006/2010,Tabela documental conferida,
2020-10,H_AMB,6187.0,3500,DOC037,6,006/2010,Tabela documental conferida,
2020-10,H_CIR,690.0,480,DOC037,6,006/2010,Tabela documental conferida,
2020-10,H_HEMO,457.0,340,DOC037,6,006/2010,Tabela documental conferida,
2020-10,Q01,888.0,793,DOC037,5,006/2010,Tabela documental conferida,
2020-10,Q02,3003.0,2400,DOC037,5,006/2010,Tabela documental conferida,
2020-11,H_AMB,6121.0,3500,DOC037,6,006/2010,Tabela documental conferida,
2020-11,H_CIR,718.0,480,DOC037,6,006/2010,Tabela documental conferida,
2020-11,H_HEMO,313.0,340,DOC037,6,006/2010,Tabela documental conferida,
2020-11,Q01,747.0,793,DOC037,5,006/2010,Tabela documental conferida,
2020-11,Q02,2983.0,2400,DOC037,5,006/2010,Tabela documental conferida,
2020-12,H_AMB,5805.0,3500,DOC037,6,006/2010,Tabela documental conferida,
2020-12,H_CIR,833.0,480,DOC037,6,006/2010,Tabela documental conferida,
2020-12,H_HEMO,300.0,340,DOC037,6,006/2010,Tabela documental conferida,
2020-12,Q01,839.0,793,DOC037,5,006/2010,Tabela documental conferida,
2020-12,Q02,2946.0,2400,DOC037,5,006/2010,Tabela documental conferida,
2021-01,H_AMB,6393.0,3500,DOC042,5,006/2010,Tabela documental conferida,
2021-01,H_CIR,685.0,480,DOC042,5,006/2010,Tabela documental conferida,
2021-01,H_HEMO,308.0,340,DOC042,5,006/2010,Tabela documental conferida,
2021-01,Q01,772.0,793,DOC042,4,006/2010,Tabela documental conferida,
2021-01,Q02,2739.0,2400,DOC042,4,006/2010,Tabela documental conferida,
2021-02,H_AMB,5935.0,3500,DOC042,5,006/2010,Tabela documental conferida,
2021-02,H_CIR,588.0,480,DOC042,5,006/2010,Tabela documental conferida,
2021-02,H_HEMO,232.0,340,DOC042,5,006/2010,Tabela documental conferida,
2021-02,Q01,704.0,793,DOC042,4,006/2010,Tabela documental conferida,
2021-02,Q02,2566.0,2400,DOC042,4,006/2010,Tabela documental conferida,
2021-03,H_AMB,6046.0,3500,DOC042,5,006/2010,Tabela documental conferida,
2021-03,H_CIR,583.0,480,DOC042,5,006/2010,Tabela documental conferida,
2021-03,H_HEMO,265.0,340,DOC042,5,006/2010,Tabela documental conferida,
2021-03,Q01,765.0,793,DOC042,4,006/2010,Tabela documental conferida,
2021-03,Q02,2680.0,2400,DOC042,4,006/2010,Tabela documental conferida,
2021-04,H_AMB,6060.0,3500,DOC042,5,006/2010,Tabela documental conferida,
2021-04,H_CIR,636.0,480,DOC042,5,006/2010,Tabela documental conferida,
2021-04,H_HEMO,448.0,340,DOC042,5,006/2010,Tabela documental conferida,
2021-04,Q01,772.0,793,DOC042,4,006/2010,Tabela documental conferida,
2021-04,Q02,2701.0,2400,DOC042,4,006/2010,Tabela documental conferida,
2021-05,H_AMB,7211.0,3500,DOC042,5,006/2010,Tabela documental conferida,
2021-05,H_CIR,551.0,480,DOC042,5,006/2010,Tabela documental conferida,
2021-05,H_HEMO,498.0,340,DOC042,5,006/2010,Tabela documental conferida,
2021-05,Q01,669.0,793,DOC042,4,006/2010,Tabela documental conferida,
2021-05,Q02,2797.0,2400,DOC042,4,006/2010,Tabela documental conferida,
2021-06,H_AMB,8200.0,3500,DOC042,5,006/2010,Tabela documental conferida,
2021-06,H_CIR,656.0,480,DOC042,5,006/2010,Tabela documental conferida,
2021-06,H_HEMO,633.0,340,DOC042,5,006/2010,Tabela documental conferida,
2021-06,Q01,741.0,793,DOC042,4,006/2010,Tabela documental conferida,
2021-06,Q02,2942.0,2400,DOC042,4,006/2010,Tabela documental conferida,
2021-07,H_AMB,7949.0,3500,DOC042,5,006/2010,Tabela documental conferida,
2021-07,H_CIR,696.0,480,DOC042,5,006/2010,Tabela documental conferida,
2021-07,H_HEMO,553.0,340,DOC042,5,006/2010,Tabela documental conferida,
2021-07,Q01,797.0,793,DOC042,4,006/2010,Tabela documental conferida,
2021-07,Q02,3109.0,2400,DOC042,4,006/2010,Tabela documental conferida,
2021-08,H_AMB,6899.0,3500,DOC042,5,006/2010,Tabela documental conferida,
2021-08,H_CIR,679.0,480,DOC042,5,006/2010,Tabela documental conferida,
2021-08,H_HEMO,625.0,340,DOC042,5,006/2010,Tabela documental conferida,
2021-08,Q01,814.0,793,DOC042,4,006/2010,Tabela documental conferida,
2021-08,Q02,3074.0,2400,DOC042,4,006/2010,Tabela documental conferida,
2021-09,H_AMB,6653.0,3500,DOC042,5,006/2010,Tabela documental conferida,
2021-09,H_CIR,745.0,480,DOC042,5,006/2010,Tabela documental conferida,
2021-09,H_HEMO,588.0,340,DOC042,5,006/2010,Tabela documental conferida,
2021-09,Q01,856.0,793,DOC042,4,006/2010,Tabela documental conferida,
2021-09,Q02,3135.0,2400,DOC042,4,006/2010,Tabela documental conferida,
2021-10,H_AMB,6457.0,3500,DOC042,5,006/2010,Tabela documental conferida,
2021-10,H_CIR,763.0,480,DOC042,5,006/2010,Tabela documental conferida,
2021-10,H_HEMO,608.0,340,DOC042,5,006/2010,Tabela documental conferida,
2021-10,Q01,837.0,793,DOC042,4,006/2010,Tabela documental conferida,
2021-10,Q02,3019.0,2400,DOC042,4,006/2010,Tabela documental conferida,
2021-11,H_AMB,6317.0,3500,DOC042,5,006/2010,Tabela documental conferida,
2021-11,H_CIR,737.0,480,DOC042,5,006/2010,Tabela documental conferida,
2021-11,H_HEMO,439.0,340,DOC042,5,006/2010,Tabela documental conferida,
2021-11,Q01,812.0,793,DOC042,4,006/2010,Tabela documental conferida,
2021-11,Q02,3016.0,2400,DOC042,4,006/2010,Tabela documental conferida,
2021-12,H_AMB,6878.0,3500,DOC042,5,006/2010,Tabela documental conferida,
2021-12,H_CIR,809.0,480,DOC042,5,006/2010,Tabela documental conferida,
2021-12,H_HEMO,478.0,340,DOC042,5,006/2010,Tabela documental conferida,
2021-12,Q01,909.0,793,DOC042,4,006/2010,Tabela documental conferida,
2021-12,Q02,3401.0,2400,DOC042,4,006/2010,Tabela documental conferida,
2022-01,H_AMB,6816.0,3500,DOC045,5,006/2010,Tabela documental conferida,
2022-01,H_CIR,783.0,480,DOC045,6,006/2010,Tabela documental conferida,
2022-01,H_HEMO,384.0,340,DOC045,6,006/2010,Tabela documental conferida,
2022-01,Q01,841.0,793,DOC045,5,006/2010,Tabela documental conferida,
2022-01,Q02,3631.0,2400,DOC045,5,006/2010,Tabela documental conferida,
2022-02,H_AMB,5620.0,3500,DOC045,5,006/2010,Tabela documental conferida,
2022-02,H_CIR,651.0,480,DOC045,6,006/2010,Tabela documental conferida,
2022-02,H_HEMO,211.0,340,DOC045,6,006/2010,Tabela documental conferida,
2022-02,Q01,713.0,793,DOC045,5,006/2010,Tabela documental conferida,
2022-02,Q02,2833.0,2400,DOC045,5,006/2010,Tabela documental conferida,
2022-03,H_AMB,6325.0,3500,DOC045,5,006/2010,Tabela documental conferida,
2022-03,H_CIR,852.0,480,DOC045,6,006/2010,Tabela documental conferida,
2022-03,H_HEMO,466.0,340,DOC045,6,006/2010,Tabela documental conferida,
2022-03,Q01,856.0,793,DOC045,5,006/2010,Tabela documental conferida,
2022-03,Q02,2878.0,2400,DOC045,5,006/2010,Tabela documental conferida,
2022-04,H_AMB,5960.0,3500,DOC045,5,006/2010,Tabela documental conferida,
2022-04,H_CIR,803.0,480,DOC045,6,006/2010,Tabela documental conferida,
2022-04,H_HEMO,304.0,340,DOC045,6,006/2010,Tabela documental conferida,
2022-04,Q01,878.0,793,DOC045,5,006/2010,Tabela documental conferida,
2022-04,Q02,2887.0,2400,DOC045,5,006/2010,Tabela documental conferida,
2022-05,H_AMB,5960.0,3500,DOC045,5,006/2010,Tabela documental conferida,
2022-05,H_CIR,755.0,480,DOC045,6,006/2010,Tabela documental conferida,
2022-05,H_HEMO,358.0,340,DOC045,6,006/2010,Tabela documental conferida,
2022-05,Q01,917.0,793,DOC045,5,006/2010,Tabela documental conferida,
2022-05,Q02,3138.0,2400,DOC045,5,006/2010,Tabela documental conferida,
2022-06,H_AMB,6587.0,3500,DOC045,5,006/2010,Tabela documental conferida,
2022-06,H_CIR,820.0,480,DOC045,6,006/2010,Tabela documental conferida,
2022-06,H_HEMO,466.0,340,DOC045,6,006/2010,Tabela documental conferida,
2022-06,Q01,880.0,793,DOC045,5,006/2010,Tabela documental conferida,
2022-06,Q02,3176.0,2400,DOC045,5,006/2010,Tabela documental conferida,
2022-07,Q01,958.0,856,DOC045,7,018/2022,Tabela documental conferida,
2022-07,Q02,3295.0,2826,DOC045,7,018/2022,Tabela documental conferida,
2022-07,Q03,3332.0,4286,DOC045,7,018/2022,Tabela documental conferida,
2022-07,Q_TOTAL,910.0,688,DOC045,8,018/2022,Tabela documental conferida,
2022-08,Q01,933.0,856,DOC045,7,018/2022,Tabela documental conferida,
2022-08,Q02,3268.0,2826,DOC045,7,018/2022,Tabela documental conferida,
2022-08,Q03,3366.0,4286,DOC045,7,018/2022,Tabela documental conferida,
2022-08,Q_TOTAL,868.0,688,DOC045,8,018/2022,Tabela documental conferida,
2022-09,Q01,1066.0,856,DOC045,7,018/2022,Tabela documental conferida,
2022-09,Q02,3106.0,2826,DOC045,7,018/2022,Tabela documental conferida,
2022-09,Q03,3353.0,4286,DOC045,7,018/2022,Tabela documental conferida,
2022-09,Q_TOTAL,1083.0,688,DOC045,8,018/2022,Tabela documental conferida,
2022-10,Q01,808.0,856,DOC045,7,018/2022,Tabela documental conferida,
2022-10,Q02,2713.0,2826,DOC045,7,018/2022,Tabela documental conferida,
2022-10,Q03,2488.0,4286,DOC045,7,018/2022,Tabela documental conferida,
2022-10,Q_TOTAL,1175.0,688,DOC045,8,018/2022,Tabela documental conferida,
2022-11,Q01,879.0,856,DOC045,7,018/2022,Tabela documental conferida,
2022-11,Q02,3182.0,2826,DOC045,7,018/2022,Tabela documental conferida,
2022-11,Q03,2308.0,4286,DOC045,7,018/2022,Tabela documental conferida,
2022-11,Q_TOTAL,1602.0,688,DOC045,8,018/2022,Tabela documental conferida,
2022-12,Q01,918.0,856,DOC045,7,018/2022,Tabela documental conferida,
2022-12,Q02,2921.0,2826,DOC045,7,018/2022,Tabela documental conferida,
2022-12,Q03,3148.0,4286,DOC045,7,018/2022,Tabela documental conferida,
2022-12,Q_TOTAL,761.0,688,DOC045,8,018/2022,Tabela documental conferida,
2023-01,Q01,902.0,856,DOC050,3,018/2022,Tabela documental conferida,
2023-01,Q02,3209.0,2826,DOC050,3,018/2022,Tabela documental conferida,
2023-01,Q03,2141.0,4286,DOC050,4,018/2022,Tabela documental conferida,
2023-01,Q_TOTAL,844.0,688,DOC050,4,018/2022,Tabela documental conferida,
2023-02,Q01,866.0,856,DOC050,3,018/2022,Tabela documental conferida,
2023-02,Q02,2786.0,2826,DOC050,3,018/2022,Tabela documental conferida,
2023-02,Q03,2108.0,4286,DOC050,4,018/2022,Tabela documental conferida,
2023-02,Q_TOTAL,692.0,688,DOC050,4,018/2022,Tabela documental conferida,
2023-03,Q01,866.0,856,DOC050,3,018/2022,Tabela documental conferida,
2023-03,Q02,3225.0,2826,DOC050,3,018/2022,Tabela documental conferida,
2023-03,Q03,2871.0,4286,DOC050,4,018/2022,Tabela documental conferida,
2023-03,Q_TOTAL,677.0,688,DOC050,4,018/2022,Tabela documental conferida,
2023-04,Q01,767.0,856,DOC050,3,018/2022,Tabela documental conferida,
2023-04,Q02,2488.0,2826,DOC050,3,018/2022,Tabela documental conferida,
2023-04,Q03,2598.0,4286,DOC050,4,018/2022,Tabela documental conferida,
2023-04,Q_TOTAL,540.0,688,DOC050,4,018/2022,Tabela documental conferida,
2023-05,Q01,482.0,856,DOC050,3,018/2022,Tabela documental conferida,
2023-05,Q02,1536.0,2826,DOC050,3,018/2022,Tabela documental conferida,
2023-05,Q03,2616.0,4286,DOC050,4,018/2022,Tabela documental conferida,
2023-05,Q_TOTAL,199.0,688,DOC050,4,018/2022,Tabela documental conferida,
2023-06,Q01,608.0,856,DOC050,3,018/2022,Tabela documental conferida,
2023-06,Q02,2214.0,2826,DOC050,3,018/2022,Tabela documental conferida,
2023-06,Q03,1759.0,4286,DOC050,4,018/2022,Tabela documental conferida,
2023-06,Q_TOTAL,463.0,688,DOC050,4,018/2022,Tabela documental conferida,
2023-07,Q01,961.0,856,DOC050,3,018/2022,Tabela documental conferida,
2023-07,Q02,3031.0,2826,DOC050,3,018/2022,Tabela documental conferida,
2023-07,Q03,2577.0,4286,DOC050,4,018/2022,Tabela documental conferida,
2023-07,Q_TOTAL,638.0,688,DOC050,4,018/2022,Tabela documental conferida,
2023-08,Q01,985.0,856,DOC050,3,018/2022,Tabela documental conferida,
2023-08,Q02,2956.0,2826,DOC050,3,018/2022,Tabela documental conferida,
2023-08,Q03,2488.0,4286,DOC050,4,018/2022,Tabela documental conferida,
2023-08,Q_TOTAL,691.0,688,DOC050,4,018/2022,Tabela documental conferida,
2023-09,Q01,858.0,856,DOC050,3,018/2022,Tabela documental conferida,
2023-09,Q02,2679.0,2826,DOC050,3,018/2022,Tabela documental conferida,
2023-09,Q03,2266.0,4286,DOC050,4,018/2022,Tabela documental conferida,
2023-09,Q_TOTAL,595.0,688,DOC050,4,018/2022,Tabela documental conferida,
2023-10,Q01,940.0,856,DOC050,3,018/2022,Tabela documental conferida,
2023-10,Q02,2969.0,2826,DOC050,3,018/2022,Tabela documental conferida,
2023-10,Q03,2515.0,4286,DOC050,4,018/2022,Tabela documental conferida,
2023-10,Q_TOTAL,662.0,688,DOC050,4,018/2022,Tabela documental conferida,
2023-11,Q01,903.0,856,DOC050,3,018/2022,Tabela documental conferida,
2023-11,Q02,2570.0,2826,DOC050,3,018/2022,Tabela documental conferida,
2023-11,Q03,2239.0,4286,DOC050,4,018/2022,Tabela documental conferida,
2023-11,Q_TOTAL,577.0,688,DOC050,4,018/2022,Tabela documental conferida,
2023-12,Q01,872.0,856,DOC050,3,018/2022,Tabela documental conferida,
2023-12,Q02,3052.0,2826,DOC050,3,018/2022,Tabela documental conferida,
2023-12,Q03,2756.0,4286,DOC050,4,018/2022,Tabela documental conferida,
2023-12,Q_TOTAL,597.0,688,DOC050,4,018/2022,Tabela documental conferida,
2024-01,Q01,898.0,856,DOC055,3,018/2022,Tabela documental conferida,
2024-01,Q02,3153.0,2826,DOC055,4,018/2022,Tabela documental conferida,
2024-01,Q03,1655.0,4286,DOC055,4,018/2022,Tabela documental conferida,
2024-01,Q_TOTAL,564.0,688,DOC055,4,018/2022,Tabela documental conferida,
2024-02,Q01,818.0,856,DOC055,3,018/2022,Tabela documental conferida,
2024-02,Q02,2597.0,2826,DOC055,4,018/2022,Tabela documental conferida,
2024-02,Q03,1373.0,4286,DOC055,4,018/2022,Tabela documental conferida,
2024-02,Q_TOTAL,551.0,688,DOC055,4,018/2022,Tabela documental conferida,
2024-03,Q01,975.0,856,DOC055,3,018/2022,Tabela documental conferida,
2024-03,Q02,2983.0,2826,DOC055,4,018/2022,Tabela documental conferida,
2024-03,Q03,1288.0,4286,DOC055,4,018/2022,Tabela documental conferida,
2024-03,Q_TOTAL,624.0,688,DOC055,4,018/2022,Tabela documental conferida,
2024-04,Q01,1002.0,856,DOC055,3,018/2022,Tabela documental conferida,
2024-04,Q02,3074.0,2826,DOC055,4,018/2022,Tabela documental conferida,
2024-04,Q03,1393.0,4286,DOC055,4,018/2022,Tabela documental conferida,
2024-04,Q_TOTAL,610.0,688,DOC055,4,018/2022,Tabela documental conferida,
2024-05,Q01,909.0,856,DOC055,3,018/2022,Tabela documental conferida,
2024-05,Q02,2915.0,2826,DOC055,4,018/2022,Tabela documental conferida,
2024-05,Q03,1383.0,4286,DOC055,4,018/2022,Tabela documental conferida,
2024-05,Q_TOTAL,604.0,688,DOC055,4,018/2022,Tabela documental conferida,
2024-06,Q01,863.0,856,DOC055,3,018/2022,Tabela documental conferida,
2024-06,Q02,2932.0,2826,DOC055,4,018/2022,Tabela documental conferida,
2024-06,Q03,1093.0,4286,DOC055,4,018/2022,Tabela documental conferida,
2024-06,Q_TOTAL,501.0,688,DOC055,4,018/2022,Tabela documental conferida,
2024-07,Q01,953.0,856,DOC055,5,018/2022,Tabela documental conferida,
2024-07,Q02,3082.0,2826,DOC055,5,018/2022,Tabela documental conferida,
2024-07,Q03,1400.0,2520,DOC055,6,018/2022,Tabela documental conferida,
2024-07,Q04,533.0,4730,DOC055,6,018/2022,Tabela documental conferida,
2024-07,Q05,111.0,120,DOC055,6,018/2022,Tabela documental conferida,
2024-07,Q06,125.0,136,DOC055,7,018/2022,Tabela documental conferida,
2024-07,Q07,340.0,260,DOC055,7,018/2022,Tabela documental conferida,
2024-07,Q08,,20,DOC055,7,018/2022,Tabela documental conferida,"Análise impossibilitada na fonte; ausência preservada, mesmo quando total da tabela é zero."
2024-07,Q09,69.0,152,DOC055,8,018/2022,Tabela documental conferida,
2024-08,Q01,921.0,856,DOC055,5,018/2022,Tabela documental conferida,
2024-08,Q02,2824.0,2826,DOC055,5,018/2022,Tabela documental conferida,
2024-08,Q03,1291.0,2520,DOC055,6,018/2022,Tabela documental conferida,
2024-08,Q04,705.0,4730,DOC055,6,018/2022,Tabela documental conferida,
2024-08,Q05,161.0,120,DOC055,6,018/2022,Tabela documental conferida,
2024-08,Q06,105.0,136,DOC055,7,018/2022,Tabela documental conferida,
2024-08,Q07,365.0,260,DOC055,7,018/2022,Tabela documental conferida,
2024-08,Q08,,20,DOC055,7,018/2022,Tabela documental conferida,"Análise impossibilitada na fonte; ausência preservada, mesmo quando total da tabela é zero."
2024-08,Q09,102.0,152,DOC055,8,018/2022,Tabela documental conferida,
2024-09,Q01,971.0,856,DOC055,5,018/2022,Tabela documental conferida,
2024-09,Q02,3257.0,2826,DOC055,5,018/2022,Tabela documental conferida,
2024-09,Q03,1321.0,2520,DOC055,6,018/2022,Tabela documental conferida,
2024-09,Q04,477.0,4730,DOC055,6,018/2022,Tabela documental conferida,
2024-09,Q05,185.0,120,DOC055,6,018/2022,Tabela documental conferida,
2024-09,Q06,115.0,136,DOC055,7,018/2022,Tabela documental conferida,
2024-09,Q07,368.0,260,DOC055,7,018/2022,Tabela documental conferida,
2024-09,Q08,,20,DOC055,7,018/2022,Tabela documental conferida,"Análise impossibilitada na fonte; ausência preservada, mesmo quando total da tabela é zero."
2024-09,Q09,64.0,152,DOC055,8,018/2022,Tabela documental conferida,
2024-10,Q01,1055.0,856,DOC055,5,018/2022,Tabela documental conferida,
2024-10,Q02,3280.0,2826,DOC055,5,018/2022,Tabela documental conferida,
2024-10,Q03,1354.0,2520,DOC055,6,018/2022,Tabela documental conferida,
2024-10,Q04,588.0,4730,DOC055,6,018/2022,Tabela documental conferida,
2024-10,Q05,211.0,120,DOC055,6,018/2022,Tabela documental conferida,
2024-10,Q06,102.0,136,DOC055,7,018/2022,Tabela documental conferida,
2024-10,Q07,365.0,260,DOC055,7,018/2022,Tabela documental conferida,
2024-10,Q08,,20,DOC055,7,018/2022,Tabela documental conferida,"Análise impossibilitada na fonte; ausência preservada, mesmo quando total da tabela é zero."
2024-10,Q09,111.0,152,DOC055,8,018/2022,Tabela documental conferida,
2024-11,Q01,866.0,856,DOC055,5,018/2022,Tabela documental conferida,
2024-11,Q02,2895.0,2826,DOC055,5,018/2022,Tabela documental conferida,
2024-11,Q03,1251.0,2520,DOC055,6,018/2022,Tabela documental conferida,
2024-11,Q04,527.0,2520,DOC055,6,018/2022,Tabela documental conferida, Meta informada no parecer diverge do anexo contratual.
2024-11,Q05,131.0,120,DOC055,6,018/2022,Tabela documental conferida,
2024-11,Q06,107.0,136,DOC055,7,018/2022,Tabela documental conferida,
2024-11,Q07,286.0,260,DOC055,7,018/2022,Tabela documental conferida,
2024-11,Q08,,20,DOC055,7,018/2022,Tabela documental conferida,"Análise impossibilitada na fonte; ausência preservada, mesmo quando total da tabela é zero."
2024-11,Q09,91.0,152,DOC055,8,018/2022,Tabela documental conferida,
2024-12,Q01,864.0,856,DOC055,5,018/2022,Tabela documental conferida,
2024-12,Q02,2983.0,2826,DOC055,5,018/2022,Tabela documental conferida,
2024-12,Q03,1224.0,2520,DOC055,6,018/2022,Tabela documental conferida,
2024-12,Q04,457.0,2520,DOC055,6,018/2022,Tabela documental conferida, Meta informada no parecer diverge do anexo contratual.
2024-12,Q05,117.0,120,DOC055,6,018/2022,Tabela documental conferida,
2024-12,Q06,97.0,136,DOC055,7,018/2022,Tabela documental conferida,
2024-12,Q07,342.0,260,DOC055,7,018/2022,Tabela documental conferida,
2024-12,Q08,,20,DOC055,7,018/2022,Tabela documental conferida,"Análise impossibilitada na fonte; ausência preservada, mesmo quando total da tabela é zero."
2024-12,Q09,89.0,152,DOC055,8,018/2022,Tabela documental conferida,
2025-01,Q01,932.0,856,DOC061,3,018/2022,Tabela documental conferida,
2025-01,Q02,3187.0,2826,DOC061,4,018/2022,Tabela documental conferida,
2025-01,Q03,1430.0,2520,DOC061,4,018/2022,Tabela documental conferida,
2025-01,Q04,575.0,4730,DOC061,4,018/2022,Tabela documental conferida,
2025-01,Q05,132.0,120,DOC061,5,018/2022,Tabela documental conferida,
2025-01,Q06,126.0,136,DOC061,5,018/2022,Tabela documental conferida,
2025-01,Q07,352.0,260,DOC061,6,018/2022,Tabela documental conferida,
2025-01,Q08,,20,DOC061,6,018/2022,Tabela documental conferida,"Análise impossibilitada na fonte; ausência preservada, mesmo quando total da tabela é zero."
2025-01,Q09,95.0,152,DOC061,6,018/2022,Tabela documental conferida,
2025-02,Q01,898.0,856,DOC061,3,018/2022,Tabela documental conferida,
2025-02,Q02,2945.0,2826,DOC061,4,018/2022,Tabela documental conferida,
2025-02,Q03,1277.0,2520,DOC061,4,018/2022,Tabela documental conferida,
2025-02,Q04,547.0,4730,DOC061,4,018/2022,Tabela documental conferida,
2025-02,Q05,120.0,120,DOC061,5,018/2022,Tabela documental conferida,
2025-02,Q06,104.0,136,DOC061,5,018/2022,Tabela documental conferida,
2025-02,Q07,309.0,260,DOC061,6,018/2022,Tabela documental conferida,
2025-02,Q08,,20,DOC061,6,018/2022,Tabela documental conferida,"Análise impossibilitada na fonte; ausência preservada, mesmo quando total da tabela é zero."
2025-02,Q09,73.0,152,DOC061,6,018/2022,Tabela documental conferida,
2025-03,Q01,946.0,856,DOC061,3,018/2022,Tabela documental conferida,
2025-03,Q02,2993.0,2826,DOC061,4,018/2022,Tabela documental conferida,
2025-03,Q03,1100.0,2520,DOC061,4,018/2022,Tabela documental conferida,
2025-03,Q04,477.0,4730,DOC061,4,018/2022,Tabela documental conferida,
2025-03,Q05,137.0,120,DOC061,5,018/2022,Tabela documental conferida,
2025-03,Q06,101.0,136,DOC061,5,018/2022,Tabela documental conferida,
2025-03,Q07,375.0,260,DOC061,6,018/2022,Tabela documental conferida,
2025-03,Q08,,20,DOC061,6,018/2022,Tabela documental conferida,"Análise impossibilitada na fonte; ausência preservada, mesmo quando total da tabela é zero."
2025-03,Q09,105.0,152,DOC061,6,018/2022,Tabela documental conferida,
2025-04,Q01,920.0,856,DOC061,3,018/2022,Tabela documental conferida,
2025-04,Q02,3095.0,2826,DOC061,4,018/2022,Tabela documental conferida,
2025-04,Q03,1245.0,2520,DOC061,4,018/2022,Tabela documental conferida,
2025-04,Q04,568.0,4730,DOC061,4,018/2022,Tabela documental conferida,
2025-04,Q05,32.0,120,DOC061,5,018/2022,Tabela documental conferida,
2025-04,Q06,80.0,136,DOC061,5,018/2022,Tabela documental conferida,
2025-04,Q07,286.0,260,DOC061,6,018/2022,Tabela documental conferida,
2025-04,Q08,,20,DOC061,6,018/2022,Tabela documental conferida,"Análise impossibilitada na fonte; ausência preservada, mesmo quando total da tabela é zero."
2025-04,Q09,36.0,152,DOC061,6,018/2022,Tabela documental conferida,
2025-05,Q01,985.0,856,DOC061,3,018/2022,Tabela documental conferida,
2025-05,Q02,3167.0,2826,DOC061,4,018/2022,Tabela documental conferida,
2025-05,Q03,1246.0,2520,DOC061,4,018/2022,Tabela documental conferida,
2025-05,Q04,470.0,4730,DOC061,4,018/2022,Tabela documental conferida,
2025-05,Q05,35.0,120,DOC061,5,018/2022,Tabela documental conferida,
2025-05,Q06,91.0,136,DOC061,5,018/2022,Tabela documental conferida,
2025-05,Q07,322.0,260,DOC061,6,018/2022,Tabela documental conferida,
2025-05,Q08,,20,DOC061,6,018/2022,Tabela documental conferida,"Análise impossibilitada na fonte; ausência preservada, mesmo quando total da tabela é zero."
2025-05,Q09,32.0,152,DOC061,6,018/2022,Tabela documental conferida,
2025-06,Q01,759.0,856,DOC061,3,018/2022,Tabela documental conferida,
2025-06,Q02,2484.0,2826,DOC061,4,018/2022,Tabela documental conferida,
2025-06,Q03,1206.0,2520,DOC061,4,018/2022,Tabela documental conferida,
2025-06,Q04,376.0,4730,DOC061,4,018/2022,Tabela documental conferida,
2025-06,Q05,24.0,120,DOC061,5,018/2022,Tabela documental conferida,
2025-06,Q06,72.0,136,DOC061,5,018/2022,Tabela documental conferida,
2025-06,Q07,238.0,260,DOC061,6,018/2022,Tabela documental conferida,
2025-06,Q08,,20,DOC061,6,018/2022,Tabela documental conferida,"Análise impossibilitada na fonte; ausência preservada, mesmo quando total da tabela é zero."
2025-06,Q09,18.0,152,DOC061,6,018/2022,Tabela documental conferida,
2025-07,Q01,802.0,856,DOC061,3,018/2022,Tabela documental conferida,
2025-07,Q02,2814.0,2826,DOC061,4,018/2022,Tabela documental conferida,
2025-07,Q03,1442.0,2520,DOC061,4,018/2022,Tabela documental conferida,
2025-07,Q04,420.0,4730,DOC061,4,018/2022,Tabela documental conferida,
2025-07,Q05,30.0,120,DOC061,5,018/2022,Tabela documental conferida,
2025-07,Q06,54.0,136,DOC061,5,018/2022,Tabela documental conferida,
2025-07,Q07,314.0,260,DOC061,6,018/2022,Tabela documental conferida,
2025-07,Q08,,20,DOC061,6,018/2022,Tabela documental conferida,"Análise impossibilitada na fonte; ausência preservada, mesmo quando total da tabela é zero."
2025-07,Q09,9.0,152,DOC061,6,018/2022,Tabela documental conferida,
2025-08,Q01,897.0,856,DOC061,3,018/2022,Tabela documental conferida,
2025-08,Q02,2853.0,2826,DOC061,4,018/2022,Tabela documental conferida,
2025-08,Q03,1105.0,2520,DOC061,4,018/2022,Tabela documental conferida,
2025-08,Q04,644.0,4730,DOC061,4,018/2022,Tabela documental conferida,
2025-08,Q05,31.0,120,DOC061,5,018/2022,Tabela documental conferida,
2025-08,Q06,80.0,136,DOC061,5,018/2022,Tabela documental conferida,
2025-08,Q07,310.0,260,DOC061,6,018/2022,Tabela documental conferida,
2025-08,Q08,,20,DOC061,6,018/2022,Tabela documental conferida,"Análise impossibilitada na fonte; ausência preservada, mesmo quando total da tabela é zero."
2025-08,Q09,11.0,152,DOC061,6,018/2022,Tabela documental conferida,
2025-09,Q01,714.0,856,DOC061,3,018/2022,Tabela documental conferida,
2025-09,Q02,2362.0,2826,DOC061,4,018/2022,Tabela documental conferida,
2025-09,Q03,1313.0,2520,DOC061,4,018/2022,Tabela documental conferida,
2025-09,Q04,601.0,4730,DOC061,4,018/2022,Tabela documental conferida,
2025-09,Q05,16.0,120,DOC061,5,018/2022,Tabela documental conferida,
2025-09,Q06,127.0,136,DOC061,5,018/2022,Tabela documental conferida,
2025-09,Q07,238.0,260,DOC061,6,018/2022,Tabela documental conferida,
2025-09,Q08,,20,DOC061,6,018/2022,Tabela documental conferida,"Análise impossibilitada na fonte; ausência preservada, mesmo quando total da tabela é zero."
2025-09,Q09,54.0,152,DOC061,6,018/2022,Tabela documental conferida,
2025-10,Q01,933.0,856,DOC061,3,018/2022,Tabela documental conferida,
2025-10,Q02,2862.0,2826,DOC061,4,018/2022,Tabela documental conferida,
2025-10,Q03,1311.0,2520,DOC061,4,018/2022,Tabela documental conferida,
2025-10,Q04,709.0,4730,DOC061,4,018/2022,Tabela documental conferida,
2025-10,Q05,27.0,120,DOC061,5,018/2022,Tabela documental conferida,
2025-10,Q06,127.0,136,DOC061,5,018/2022,Tabela documental conferida,
2025-10,Q07,332.0,260,DOC061,6,018/2022,Tabela documental conferida,
2025-10,Q08,,20,DOC061,6,018/2022,Tabela documental conferida,"Análise impossibilitada na fonte; ausência preservada, mesmo quando total da tabela é zero."
2025-10,Q09,70.0,152,DOC061,6,018/2022,Tabela documental conferida,
2025-11,Q01,880.0,856,DOC061,3,018/2022,Tabela documental conferida,
2025-11,Q02,2811.0,2826,DOC061,4,018/2022,Tabela documental conferida,
2025-11,Q03,1210.0,2520,DOC061,4,018/2022,Tabela documental conferida,
2025-11,Q04,642.0,4730,DOC061,4,018/2022,Tabela documental conferida,
2025-11,Q05,34.0,120,DOC061,5,018/2022,Tabela documental conferida,
2025-11,Q06,140.0,136,DOC061,5,018/2022,Tabela documental conferida,
2025-11,Q07,343.0,260,DOC061,6,018/2022,Tabela documental conferida,
2025-11,Q08,,20,DOC061,6,018/2022,Tabela documental conferida,"Análise impossibilitada na fonte; ausência preservada, mesmo quando total da tabela é zero."
2025-11,Q09,62.0,152,DOC061,6,018/2022,Tabela documental conferida,
2025-12,Q01,920.0,856,DOC061,3,018/2022,Tabela documental conferida,
2025-12,Q02,2793.0,2826,DOC061,4,018/2022,Tabela documental conferida,
2025-12,Q03,1184.0,2520,DOC061,4,018/2022,Tabela documental conferida,
2025-12,Q04,612.0,4730,DOC061,4,018/2022,Tabela documental conferida,
2025-12,Q05,24.0,120,DOC061,5,018/2022,Tabela documental conferida,
2025-12,Q06,134.0,136,DOC061,5,018/2022,Tabela documental conferida,
2025-12,Q07,347.0,260,DOC061,6,018/2022,Tabela documental conferida,
2025-12,Q08,,20,DOC061,6,018/2022,Tabela documental conferida,"Análise impossibilitada na fonte; ausência preservada, mesmo quando total da tabela é zero."
2025-12,Q09,81.0,152,DOC061,6,018/2022,Tabela documental conferida,
2026-01,Q01,933.0,856,DOC065,3,018/2022,Tabela documental conferida,
2026-01,Q02,2884.0,2826,DOC065,3,018/2022,Tabela documental conferida,
2026-01,Q03,1225.0,2520,DOC065,3,018/2022,Tabela documental conferida,
2026-01,Q04,586.0,4730,DOC065,4,018/2022,Tabela documental conferida,
2026-01,Q05,104.0,120,DOC065,4,018/2022,Tabela documental conferida,
2026-01,Q06,146.0,136,DOC065,4,018/2022,Tabela documental conferida,
2026-01,Q07,384.0,260,DOC065,5,018/2022,Tabela documental conferida,
2026-01,Q08,,20,DOC065,5,018/2022,Tabela documental conferida,"Análise impossibilitada na fonte; ausência preservada, mesmo quando total da tabela é zero."
2026-01,Q09,109.0,152,DOC065,5,018/2022,Tabela documental conferida,
2026-02,Q01,779.0,856,DOC065,3,018/2022,Tabela documental conferida,
2026-02,Q02,2407.0,2826,DOC065,3,018/2022,Tabela documental conferida,
2026-02,Q03,995.0,2520,DOC065,3,018/2022,Tabela documental conferida,
2026-02,Q04,583.0,4730,DOC065,4,018/2022,Tabela documental conferida,
2026-02,Q05,34.0,120,DOC065,4,018/2022,Tabela documental conferida,
2026-02,Q06,101.0,136,DOC065,4,018/2022,Tabela documental conferida,
2026-02,Q07,254.0,260,DOC065,5,018/2022,Tabela documental conferida,
2026-02,Q08,,20,DOC065,5,018/2022,Tabela documental conferida,"Análise impossibilitada na fonte; ausência preservada, mesmo quando total da tabela é zero."
2026-02,Q09,61.0,152,DOC065,5,018/2022,Tabela documental conferida,
2026-03,Q01,874.0,856,DOC065,3,018/2022,Tabela documental conferida,
2026-03,Q02,2828.0,2826,DOC065,3,018/2022,Tabela documental conferida,
2026-03,Q03,1296.0,2520,DOC065,3,018/2022,Tabela documental conferida,
2026-03,Q04,564.0,4730,DOC065,4,018/2022,Tabela documental conferida,
2026-03,Q05,84.0,120,DOC065,4,018/2022,Tabela documental conferida,
2026-03,Q06,132.0,136,DOC065,4,018/2022,Tabela documental conferida,
2026-03,Q07,369.0,260,DOC065,5,018/2022,Tabela documental conferida,
2026-03,Q08,,20,DOC065,5,018/2022,Tabela documental conferida,"Análise impossibilitada na fonte; ausência preservada, mesmo quando total da tabela é zero."
2026-03,Q09,108.0,152,DOC065,5,018/2022,Tabela documental conferida,
